Dataset,Type,Link,Description,Attributes,RelativeFilePath, Proccessing Notes
GeoFlight, subsurface, https://www.sciencebase.gov/catalog/item/6686d5cfd34ebb7843398b10, The U.S. Geological Survey (USGS) and the Department of Energy (DOE) have collaborated to acquire high-resolution airborne magnetic and radiometric data over the Salton Trough in southern California to support geologic and geophysical mapping and modeling that will assist geothermal and critical mineral studies. The surveys referred to as GeoFlight spans an area that contains some of the largest and hottest known hydrothermal systems in the world as well as a substantial lithium brine resource that could potentially meet the nation’s lithium demand for electric vehicles., Mag radar diurnal elevation diurnal corrected mag, , The raw data was literally 5 readings a second. Had to bin the data by lon lat at an arbitrary granularity that had a high definition while less then 10% null values. More information in the ipynb 
CalGem: Geothermal Wells,surface,https://gis.data.cnra.ca.gov/datasets/cadoc::calgem-geothermal-wells/about, Summary This map service displays California geothermal wells in CalGEM's database. This online map represents geothermal wells regulated by the Geologic Energy Management Division. CalGEM is the Geologic Energy Management Division of the California Department of Conservation formerly the Division of Oil Gas and Geothermal Resources (as of January 1 2020).,WellDesignation APINumber GeoDistrict District WellStatus WellStatusDescription WellType WellSymbol Confidential ReleaseDate CountyAPICode CountyName LeaseName WellNumber OperatorCode OperatorName OperatorStatus FieldCode FieldName AreaCode AreaName TownshipSection TownshipRange BaseMeridian Directional Redrill SpudDate ABDdate CompDate Lat83 Long83 GISSource DatumCode,data/CalGem_Geothermal_Wells/CalGEM%3A_Geothermal_Wells.csv, No preproccessing neccessary just an outer join allong the Long83 lat83 to overlay it. 
USGS_Lithium_US_CSV,subsurface,https://doi.org/10.5066/P9ZKRWQF,Lithium Deposits in the United States - A comprehensive database containing information about lithium mines  mineral occurrences  deposits  and mineral regions across the United States. The dataset includes point locations  polygon boundaries  production data  resource estimates  geological information  and historical data for lithium-related sites.,Site_ID Ftr_ID Ftr_Name Other_Name Last_Updt Ftr_Group Ftr_Type Commodity Lat_WGS84 Long_WGS84 Pt_Def Poly_Def State County Loc_Scale Loc_Date Ref_Detail Ref_ID Remarks Loc_Poly Material Rsrc_Date Mat_Type Mat_Amnt Mat_Units Grade Grade_Unit CutOffGrad CutOffUnit Contained Cont_Units MatAmntSI MatUnitsSI GradeSI GradUnitSI COG_SI COU_SI CntSIComAm CntSIComUt CntSICom Rsrc_Class Rsrc_Descr Rsrc_Code,data/USGS_Lithium_US_CSV/USGS_Lithium_US_CSV/Dep_Model.csv, Useful for an overall vission across the country. Can't see how itll be specific enough aside from an indication of what minerals may be here
USGS_Lithium_US_CSV,subsurface,https://doi.org/10.5066/P9ZKRWQF,Lithium Deposits in the United States - A comprehensive database containing information about lithium mines  mineral occurrences  deposits  and mineral regions across the United States. The dataset includes point locations  polygon boundaries  production data  resource estimates  geological information  and historical data for lithium-related sites.,Site_ID Ftr_ID Ftr_Name Other_Name Last_Updt Ftr_Group Ftr_Type Commodity Lat_WGS84 Long_WGS84 Pt_Def Poly_Def State County Loc_Scale Loc_Date Ref_Detail Ref_ID Remarks Loc_Poly Material Rsrc_Date Mat_Type Mat_Amnt Mat_Units Grade Grade_Unit CutOffGrad CutOffUnit Contained Cont_Units MatAmntSI MatUnitsSI GradeSI GradUnitSI COG_SI COU_SI CntSIComAm CntSIComUt CntSICom Rsrc_Class Rsrc_Descr Rsrc_Code,data/USGS_Lithium_US_CSV/USGS_Lithium_US_CSV/Descr_Sum.csv, Useful for an overall vission across the country. Can't see how itll be specific enough aside from an indication of what minerals may be here
USGS_Lithium_US_CSV,subsurface,https://doi.org/10.5066/P9ZKRWQF,Lithium Deposits in the United States - A comprehensive database containing information about lithium mines  mineral occurrences  deposits  and mineral regions across the United States. The dataset includes point locations  polygon boundaries  production data  resource estimates  geological information  and historical data for lithium-related sites.,Site_ID Ftr_ID Ftr_Name Other_Name Last_Updt Ftr_Group Ftr_Type Commodity Lat_WGS84 Long_WGS84 Pt_Def Poly_Def State County Loc_Scale Loc_Date Ref_Detail Ref_ID Remarks Loc_Poly Material Rsrc_Date Mat_Type Mat_Amnt Mat_Units Grade Grade_Unit CutOffGrad CutOffUnit Contained Cont_Units MatAmntSI MatUnitsSI GradeSI GradUnitSI COG_SI COU_SI CntSIComAm CntSIComUt CntSICom Rsrc_Class Rsrc_Descr Rsrc_Code,data/USGS_Lithium_US_CSV/USGS_Lithium_US_CSV/GeolMinOcc.csv, Useful for an overall vission across the country. Can't see how itll be specific enough aside from an indication of what minerals may be here
USGS_Lithium_US_CSV,subsurface,https://doi.org/10.5066/P9ZKRWQF,Lithium Deposits in the United States - A comprehensive database containing information about lithium mines  mineral occurrences  deposits  and mineral regions across the United States. The dataset includes point locations  polygon boundaries  production data  resource estimates  geological information  and historical data for lithium-related sites.,Site_ID Ftr_ID Ftr_Name Other_Name Last_Updt Ftr_Group Ftr_Type Commodity Lat_WGS84 Long_WGS84 Pt_Def Poly_Def State County Loc_Scale Loc_Date Ref_Detail Ref_ID Remarks Loc_Poly Material Rsrc_Date Mat_Type Mat_Amnt Mat_Units Grade Grade_Unit CutOffGrad CutOffUnit Contained Cont_Units MatAmntSI MatUnitsSI GradeSI GradUnitSI COG_SI COU_SI CntSIComAm CntSIComUt CntSICom Rsrc_Class Rsrc_Descr Rsrc_Code,data/USGS_Lithium_US_CSV/USGS_Lithium_US_CSV/History.csv, Useful for an overall vission across the country. Can't see how itll be specific enough aside from an indication of what minerals may be here
USGS_Lithium_US_CSV,subsurface,https://doi.org/10.5066/P9ZKRWQF,Lithium Deposits in the United States - A comprehensive database containing information about lithium mines  mineral occurrences  deposits  and mineral regions across the United States. The dataset includes point locations  polygon boundaries  production data  resource estimates  geological information  and historical data for lithium-related sites.,Site_ID Ftr_ID Ftr_Name Other_Name Last_Updt Ftr_Group Ftr_Type Commodity Lat_WGS84 Long_WGS84 Pt_Def Poly_Def State County Loc_Scale Loc_Date Ref_Detail Ref_ID Remarks Loc_Poly Material Rsrc_Date Mat_Type Mat_Amnt Mat_Units Grade Grade_Unit CutOffGrad CutOffUnit Contained Cont_Units MatAmntSI MatUnitsSI GradeSI GradUnitSI COG_SI COU_SI CntSIComAm CntSIComUt CntSICom Rsrc_Class Rsrc_Descr Rsrc_Code,data/USGS_Lithium_US_CSV/USGS_Lithium_US_CSV/Loc_Poly.csv, Useful for an overall vission across the country. Can't see how itll be specific enough aside from an indication of what minerals may be here
USGS_Lithium_US_CSV,subsurface,https://doi.org/10.5066/P9ZKRWQF,Lithium Deposits in the United States - A comprehensive database containing information about lithium mines  mineral occurrences  deposits  and mineral regions across the United States. The dataset includes point locations  polygon boundaries  production data  resource estimates  geological information  and historical data for lithium-related sites.,Site_ID Ftr_ID Ftr_Name Other_Name Last_Updt Ftr_Group Ftr_Type Commodity Lat_WGS84 Long_WGS84 Pt_Def Poly_Def State County Loc_Scale Loc_Date Ref_Detail Ref_ID Remarks Loc_Poly Material Rsrc_Date Mat_Type Mat_Amnt Mat_Units Grade Grade_Unit CutOffGrad CutOffUnit Contained Cont_Units MatAmntSI MatUnitsSI GradeSI GradUnitSI COG_SI COU_SI CntSIComAm CntSIComUt CntSICom Rsrc_Class Rsrc_Descr Rsrc_Code,data/USGS_Lithium_US_CSV/USGS_Lithium_US_CSV/Loc_Poly_Sw.csv, Useful for an overall vission across the country. Can't see how itll be specific enough aside from an indication of what minerals may be here
USGS_Lithium_US_CSV,subsurface,https://doi.org/10.5066/P9ZKRWQF,Lithium Deposits in the United States - A comprehensive database containing information about lithium mines  mineral occurrences  deposits  and mineral regions across the United States. The dataset includes point locations  polygon boundaries  production data  resource estimates  geological information  and historical data for lithium-related sites.,Site_ID Ftr_ID Ftr_Name Other_Name Last_Updt Ftr_Group Ftr_Type Commodity Lat_WGS84 Long_WGS84 Pt_Def Poly_Def State County Loc_Scale Loc_Date Ref_Detail Ref_ID Remarks Loc_Poly Material Rsrc_Date Mat_Type Mat_Amnt Mat_Units Grade Grade_Unit CutOffGrad CutOffUnit Contained Cont_Units MatAmntSI MatUnitsSI GradeSI GradUnitSI COG_SI COU_SI CntSIComAm CntSIComUt CntSICom Rsrc_Class Rsrc_Descr Rsrc_Code,data/USGS_Lithium_US_CSV/USGS_Lithium_US_CSV/Loc_Pt.csv, Useful for an overall vission across the country. Can't see how itll be specific enough aside from an indication of what minerals may be here
USGS_Lithium_US_CSV,subsurface,https://doi.org/10.5066/P9ZKRWQF,Lithium Deposits in the United States - A comprehensive database containing information about lithium mines  mineral occurrences  deposits  and mineral regions across the United States. The dataset includes point locations  polygon boundaries  production data  resource estimates  geological information  and historical data for lithium-related sites.,Site_ID Ftr_ID Ftr_Name Other_Name Last_Updt Ftr_Group Ftr_Type Commodity Lat_WGS84 Long_WGS84 Pt_Def Poly_Def State County Loc_Scale Loc_Date Ref_Detail Ref_ID Remarks Loc_Poly Material Rsrc_Date Mat_Type Mat_Amnt Mat_Units Grade Grade_Unit CutOffGrad CutOffUnit Contained Cont_Units MatAmntSI MatUnitsSI GradeSI GradUnitSI COG_SI COU_SI CntSIComAm CntSIComUt CntSICom Rsrc_Class Rsrc_Descr Rsrc_Code,data/USGS_Lithium_US_CSV/USGS_Lithium_US_CSV/Production.csv, Useful for an overall vission across the country. Can't see how itll be specific enough aside from an indication of what minerals may be here
USGS_Lithium_US_CSV,subsurface,https://doi.org/10.5066/P9ZKRWQF,Lithium Deposits in the United States - A comprehensive database containing information about lithium mines  mineral occurrences  deposits  and mineral regions across the United States. The dataset includes point locations  polygon boundaries  production data  resource estimates  geological information  and historical data for lithium-related sites.,Site_ID Ftr_ID Ftr_Name Other_Name Last_Updt Ftr_Group Ftr_Type Commodity Lat_WGS84 Long_WGS84 Pt_Def Poly_Def State County Loc_Scale Loc_Date Ref_Detail Ref_ID Remarks Loc_Poly Material Rsrc_Date Mat_Type Mat_Amnt Mat_Units Grade Grade_Unit CutOffGrad CutOffUnit Contained Cont_Units MatAmntSI MatUnitsSI GradeSI GradUnitSI COG_SI COU_SI CntSIComAm CntSIComUt CntSICom Rsrc_Class Rsrc_Descr Rsrc_Code,data/USGS_Lithium_US_CSV/USGS_Lithium_US_CSV/References.csv, Useful for an overall vission across the country. Can't see how itll be specific enough aside from an indication of what minerals may be here
USGS_Lithium_US_CSV,subsurface,https://doi.org/10.5066/P9ZKRWQF,Lithium Deposits in the United States - A comprehensive database containing information about lithium mines  mineral occurrences  deposits  and mineral regions across the United States. The dataset includes point locations  polygon boundaries  production data  resource estimates  geological information  and historical data for lithium-related sites.,Site_ID Ftr_ID Ftr_Name Other_Name Last_Updt Ftr_Group Ftr_Type Commodity Lat_WGS84 Long_WGS84 Pt_Def Poly_Def State County Loc_Scale Loc_Date Ref_Detail Ref_ID Remarks Loc_Poly Material Rsrc_Date Mat_Type Mat_Amnt Mat_Units Grade Grade_Unit CutOffGrad CutOffUnit Contained Cont_Units MatAmntSI MatUnitsSI GradeSI GradUnitSI COG_SI COU_SI CntSIComAm CntSIComUt CntSICom Rsrc_Class Rsrc_Descr Rsrc_Code,data/USGS_Lithium_US_CSV/USGS_Lithium_US_CSV/Resources.csv, Useful for an overall vission across the country. Can't see how itll be specific enough aside from an indication of what minerals may be here
BLM CA Geothermal Leases Polygon,surface,https://catalog.data.gov/dataset/blm-ca-geothermal-leases-polygon-d0dec#,Lands  including National System of Public Lands  State  and private lands  identified by BLM that are or will be considered for inclusion in a NEPA document to determine if lands open to geothermal leasing should be leased under 43 CFR Part 3200. These lands may include pending geothermal lease applications which were filed with BLM before the enactment of the Energy Policy Act of 2005 (Public Law 109-58). The lands may also include nominations  under 43 CFR 3203.10  by industry for lands requested for competitive geothermal leasing.,OBJECTID serial_nr_full ttl_case_acres commodity_txt case_disp_txt disp_dt GISacres casetype casetype_txt GlobalID last_edited_date Shape_Length Shape_Area,data/BLM_CA_GEOTHERMAL_LEASES/BLM_CA_Geothermal_Leases_Polygon.csv, In process, should be useful
(MID) Geothermal AI Data Repository,subsurface,https://gdr.openei.org/submissions/1306#:~:text=These%20files%20contain%20the%20geodatabases outputs%20for%20the%20Salton%20Sea,These files contain the geodatabases related to Salton Sea Geothermal Field. It includes all input and output files used with the Geothermal Exploration Artificial Intelligence. Input and output files are sorted into three categories: raw data  pre-processed data  and analysis (post-processed data). In each of these categories there are six additional types of raster catalogs which are titled Radar  SWIR  Thermal  Geophysics  Geology  and Wells. The files are used with the Geothermal Exploration Artificial Intelligence for the Salton Sea Geothermal Site to identify indicators of blind geothermal systems. The included zip file is a geodatabase to be used with ArcGIS and the tar file is an inclusive database that encompasses the inputs and outputs for the Salton Sea Geothermal Site.,,, Insanely hard to work with. The bulk of the data is within the thermal and radar folders. The Analysis folder is merely a narrative of the risk and some of the minerals there which may be useful but it's so hard to work with. 
CalEnviroScreen 4.0,other,https://oehha.ca.gov/calenviroscreen/report/calenviroscreen-40,The dashboard is an interactive online tool used for filtering and visualizing the latest CalEnviroScreen data. Users can filter CalEnviroScreen 4.0 data by geography (county  city  or legislative district) and by any combination of the results from the 21 CalEnviroScreen indicators,Census Tract Total Population California County ZIP Approximate Location Longitude Latitude CES 4.0 Score CES 4.0 Percentile CES 4.0 Percentile Range Ozone Ozone Pctl PM2.5 PM2.5 Pctl Diesel PM Diesel PM Pctl Drinking Water Drinking Water Pctl Lead Lead Pctl Pesticides Pesticides Pctl Tox. Release Tox. Release Pctl Traffic Traffic Pctl Cleanup Sites Cleanup Sites Pctl Groundwater Threats Groundwater Threats Pctl Haz. Waste Haz. Waste Pctl Imp. Water Bodies Imp. Water Bodies Pctl Solid Waste Solid Waste Pctl Pollution Burden Pollution Burden Score Pollution Burden Pctl Asthma Asthma Pctl Low Birth Weight Low Birth Weight Pctl Cardiovascular Disease Cardiovascular Disease Pctl Education Education Pctl Linguistic Isolation Linguistic Isolation Pctl Poverty Poverty Pctl Unemployment Unemployment Pctl Housing Burden Housing Burden Pctl Pop. Char.  Pop. Char. Score Pop. Char. Pctl,data/calenviroscreen40/Data Dictionary.csv
CalEnviroScreen 4.0,other,https://oehha.ca.gov/calenviroscreen/report/calenviroscreen-40,The dashboard is an interactive online tool used for filtering and visualizing the latest CalEnviroScreen data. Users can filter CalEnviroScreen 4.0 data by geography (county  city  or legislative district) and by any combination of the results from the 21 CalEnviroScreen indicators,Census Tract Total Population California County ZIP Approximate Location Longitude Latitude CES 4.0 Score CES 4.0 Percentile CES 4.0 Percentile Range Ozone Ozone Pctl PM2.5 PM2.5 Pctl Diesel PM Diesel PM Pctl Drinking Water Drinking Water Pctl Lead Lead Pctl Pesticides Pesticides Pctl Tox. Release Tox. Release Pctl Traffic Traffic Pctl Cleanup Sites Cleanup Sites Pctl Groundwater Threats Groundwater Threats Pctl Haz. Waste Haz. Waste Pctl Imp. Water Bodies Imp. Water Bodies Pctl Solid Waste Solid Waste Pctl Pollution Burden Pollution Burden Score Pollution Burden Pctl Asthma Asthma Pctl Low Birth Weight Low Birth Weight Pctl Cardiovascular Disease Cardiovascular Disease Pctl Education Education Pctl Linguistic Isolation Linguistic Isolation Pctl Poverty Poverty Pctl Unemployment Unemployment Pctl Housing Burden Housing Burden Pctl Pop. Char.  Pop. Char. Score Pop. Char. Pctl,data/calenviroscreen40/Demographic Profile.csv
CalEnviroScreen 4.0,other,https://oehha.ca.gov/calenviroscreen/report/calenviroscreen-40,The dashboard is an interactive online tool used for filtering and visualizing the latest CalEnviroScreen data. Users can filter CalEnviroScreen 4.0 data by geography (county  city  or legislative district) and by any combination of the results from the 21 CalEnviroScreen indicators,Census Tract Total Population California County ZIP Approximate Location Longitude Latitude CES 4.0 Score CES 4.0 Percentile CES 4.0 Percentile Range Ozone Ozone Pctl PM2.5 PM2.5 Pctl Diesel PM Diesel PM Pctl Drinking Water Drinking Water Pctl Lead Lead Pctl Pesticides Pesticides Pctl Tox. Release Tox. Release Pctl Traffic Traffic Pctl Cleanup Sites Cleanup Sites Pctl Groundwater Threats Groundwater Threats Pctl Haz. Waste Haz. Waste Pctl Imp. Water Bodies Imp. Water Bodies Pctl Solid Waste Solid Waste Pctl Pollution Burden Pollution Burden Score Pollution Burden Pctl Asthma Asthma Pctl Low Birth Weight Low Birth Weight Pctl Cardiovascular Disease Cardiovascular Disease Pctl Education Education Pctl Linguistic Isolation Linguistic Isolation Pctl Poverty Poverty Pctl Unemployment Unemployment Pctl Housing Burden Housing Burden Pctl Pop. Char.  Pop. Char. Score Pop. Char. Pctl,data/calenviroscreen40/calenviroscreen40resultsdatadictionary_F_2021.csv
BLM Natl Rights-of-Way Planning Tool Energy Designations, surface, https://cal.maps.arcgis.com/home/item.html?id=2e1788b599b64baaacddc73180a2a7e2, BLM Rights-of-Way Planning Tool Energy Designations Group Feature Layer is a grouped web layer that contains all layers associated with subject matter Energy Designations., , , In progress
BLM National SMA Surface Management Agency Area Polygons, surface, https://gbp-blm-egis.hub.arcgis.com/datasets/6bf2e737c59d4111be92420ee5ab0b46/about, Land right (state federal etc breakdown), , , IP
Geothermal Data Repository (GDR) (GEOTHERM), subsurface, https://gdr.openei.org/submissions/194, GEOTHERM is a comprehensive system of public databases and software used to store locate and evaluate information on the geology geochemistry and hydrology of geothermal systems. Three main databases address the general characteristics of geothermal wells and fields and the chemical properties of geothermal fluids; the last database is currently the most active. System tasks are divided into four areas: 1. data acquisition and entry involving data entry via word processors and magnetic tape; 2. quality assurance including the criteria and standards handbook and front-end data-screening programs; 3. operation involving database backups and information extraction; and 4. user assistance preparation of such items as application programs and a quarterly newsletter.,GRECORD_	NAME	KGRA	WELLSPRING	API	WARINGNO	COUNTRY	STATE	COUNTY	LATITUDE	LONGITUDE	T	R	SEC	QSECTIONS	BMERIDIAN	MREFERENCE	GEOPROVINC	LOCALITYIN	SOURCETYPE	PCOLLECT	SAMPLENUM	CDATE	COLLECTOR	BLANK	DEPOSITS	TREATMENT	LITHOLOGY	SAMPLEINFO	SAMPLEINFA	ADATE	ANALYST	UNITS	AMEAS	TEMP	DTEMP	FLOW	AMTEMP	DEPTH	GRADIENT	WHPRESSURE	PRESSURE1	PRESSURE2	PRESSURE3	STEAMFLOW	TFLOWENTH	PH	PHTEMP	GRAVITY	CONDUCTANC	ALKALINITY	TDS	TSS	AG	AL	AS	AU	B	BA	BE	BI	BR	CA	CAMG	CD	CL	CO	CO3	CR	CS	CU	F	FE3	FETOTAL	GA	GE	HCO3	HG	H2S	I	K	LI	MG	MN	MO	NA	NAK	NB	NH4	NI	NO3	PB	PO4	RB	S	SB	SC	SE	SIO2	SN	SO4	SR	TA	TI	U	V	W	ZN	DWATER	OWATER18	OSO418	SH2S34	SH2S34REV	C13CO2	TRITIUM	C14OFC02	OTHERADATA	QUALIFINFO	REFERENCE	RORGANIZAT,data\GEOTHERM\GEOTHERM_ALL(GEO_ALL).csv, In progress seems straight forward to filter it for lithium valley / imperial county
USGS Geochemical and mineralogical maps with interpretations for soils, subsurface, Between 2007 and 2013 the U.S. Geological Survey conducted a low-density (1 site per 1600 square kilometers 4857 sites) geochemical and mineralogical survey of soils in the conterminous United States. The sampling protocol for the national-scale survey included at each site a sample from a depth of 0 to 5 centimeters a composite of the soil A horizon and a deeper sample from the soil C horizon or if the top of the C horizon was at a depth greater than 1 meter a sample from a depth of approximately 80–100 centimeters. The <2-millimeter fraction of each sample was analyzed for a suite of 45 major and trace elements by methods that yield the total or near-total elemental concentration. The major mineralogical components in the samples from the soil A and C horizons were determined by a quantitative X-ray diffraction method using Rietveld refinement.,,, data\USGS_Gochemical_Mineralogical_Map\Li.kmz, will need to convert to a shape file or attribtues for the main shape file bassically the same of the magnetic anomolies
Federal American Reservation, surface, https://cal.maps.arcgis.com/home/item.html?id=f7eecd6bb7f941f6b2504a91dcdda1a5, Shape files for indian reservations, , , In progress

DWR AEM,Program/Survey,katherine.dlubac@water.ca.gov,Contact for DWR Basin Characterization AEM program,Contact Email,,
DWR AEM,Article,https://www.conservation.ca.gov/cgs/documents/publications/california-geology-magazine/CG_2024-AEMsurveys.pdf,Article on DWR’s AEM program,PDF,,Does not cover Lithium Valley
DWR AEM,Viewer,https://data.cnra.ca.gov/dataset/aem/resource/29c4478d-fc34-44ab-a373-7d484afa38e8?view_id=742db002-2ceb-4ae2-8dcd-82df6d31e444,DWR AEM viewer (beta),"ArcGIS, 3D depth viewer",,"Impressive 3D view, doesn’t cover LV"
Mining Claims,ArcGIS Hub,https://claims-nvdataminer.hub.arcgis.com/,General claims data,ArcGIS,,Useful shp file
Mining Claims,Map,https://cal.maps.arcgis.com/home/item.html?id=b6ce9880cfb14ce2b5fd89ac3627d1d0,Covers Lithium Valley claims,SHP,,Covers LV
Surface rock and sediment geochemistry,Database,https://mrdata.usgs.gov/ngdb/,"USGS National Geochemical Database (Rock, Sediment, Soil)",KMZ,,"Very useful KMZ, covers LV"
Surface rock and sediment geochemistry,Geochem Data,https://www.usgs.gov/data/geochemical-data-generated-projects-funded-usgs-earth-mapping-resources-initiative-ver-110,USGS Earth MRI whole rock geochemistry,Map repo,,"Covers LV, lidar buffer 100m"
Surface rock and sediment geochemistry,EarthMRI Project,https://mrdata.usgs.gov/earthmri/data-acquisition/project.php?f=html&pid=10014,EarthMRI lidar/geochem acquisition project,HTML project,,Links from EarthMRI
Groundwater Data,Well Logs,https://dwr.maps.arcgis.com/apps/webappviewer/index.html?id=181078580a214c0986e2da28f8623b37,DWR Well logs,ArcGIS viewer,,Not very useful for LV
Groundwater Data,Report,https://pubs.usgs.gov/sir/2015/5102/sir20155102.pdf,USGS groundwater basin report,PDF,,"Interesting, unsure usage"
Groundwater Data,GAMA,https://gamagroundwater.waterboards.ca.gov/gama/gamamap/public/,Geotracker GAMA groundwater data,Map viewer,,"Promising, maybe replicate Arkansas hackridge model"
USGS Depth to Basement Model,Publication,https://www.usgs.gov/publications/preliminary-depth-basement-modeling-salton-sea-california,"Preliminary depth to basement model, Salton Sea","Methods, PDF",,Would need reproduction
USGS Depth to Basement Model,Conference Paper,https://pangea.stanford.edu/ERE/pdf/IGAstandard/SGW/2025/Anderson2.pdf,Stanford geothermal paper,PDF,,Linked from above
USGS Depth to Basement Model,GeoScienceWorld,"https://pubs.geoscienceworld.org/georef/map-results?q=&exPrm_fq=data_geo_marker:%22Intersects(POLYGON((-107.5%2031.5,-105.5%2031.5,-105.5%2037,-107.5%2037,-107.5%2031.5)))%22&exPrm_sfield=data_geo_marker&exPrm_pt=34.166715257233506,-106.50146484375001&sort=geodist()%20asc",Geoscienceworld map results,Map,,Interesting reference
Heat Flow Mapping,Data Maps,https://www.smu.edu/dedman/academics/departments/earth-sciences/research/geothermallab/datamaps/geothermalmapofnorthamerica,Geothermal heat flow map of North America,ArcGIS map,,"Requested access, pending"
General Reference,Fact Sheet,https://pubs.usgs.gov/fs/2008/3082/pdf/fs2008-3082.pdf,USGS Fact Sheet,PDF,,Unsure how to use
