<?xml version="1.0" encoding="UTF-8"?><metadata>
    <idinfo>
        <citation>
            <citeinfo>
                <origin/>
                <pubdate>20230314</pubdate>
                <title>BLM_CA_Geothermal_Leases</title>
                <geoform>vector digital data</geoform>
                <pubinfo>
                    <pubplace/>
                    <publish>BLM California State Office</publish>
                </pubinfo>
                <onlink>https://gbp-blm-egis.hub.arcgis.com/</onlink>
            </citeinfo>
        </citation>
        <descript>
            <abstract>Lands, including National System of Public Lands, State, and private lands, identified by BLM that are or will be considered for inclusion in a NEPA document to determine if lands open to geothermal leasing should be leased under 43 CFR Part 3200. These lands may include pending geothermal lease applications which were filed with BLM before the enactment of the Energy Policy Act of 2005 (Public Law 109-58). The lands may also include nominations, under 43 CFR 3203.10, by industry for lands requested for competitive geothermal leasing.</abstract>
            <purpose>This polygon dataset identifies geothermal approved and pending lease areas on BLM administered lands.</purpose>
        </descript>
        <timeperd>
            <timeinfo>
                <rngdates>
                    <begdate>unknown</begdate>
                    <enddate>unknown</enddate>
                </rngdates>
            </timeinfo>
            <current>Unknown</current>
        </timeperd>
        <status>
            <progress>In work</progress>
            <update>As needed</update>
        </status>
        <spdom>
            <bounding>
                <westbc>-122.989539</westbc>
                <eastbc>-114.379967</eastbc>
                <northbc>41.756528</northbc>
                <southbc>32.619213</southbc>
            </bounding>
        </spdom>
        <keywords>
            <theme>
                <themekt>BLM-THEME</themekt>
                <themekey>Energy</themekey>
                <themekey>Facility</themekey>
                <themekey>Geology</themekey>
                <themekey>Hydrology</themekey>
                <themekey>Management</themekey>
            </theme>
            <theme>
                <themekt>ISO 19115 Topic Categories</themekt>
                <themekey>boundaries</themekey>
                <themekey>environment</themekey>
                <themekey>geoscientificInformation</themekey>
                <themekey>planningCadastre</themekey>
                <themekey>utilitiesCommunication</themekey>
            </theme>
            <place>
                <placekt>BLM-STATE</placekt>
                <placekey>California</placekey>
                <placekey>Nevada</placekey>
            </place>
        </keywords>
        <accconst>None, these data are considered public domain.</accconst>
        <useconst>These data are provided by Bureau of Land Management (BLM) 'as is' and might contain errors or omissions. The User assumes the entire risk associated with its use of these data and bears all responsibility in determining whether these data are fit for the User's intended use. The information contained in these data is dynamic and may change over time. The data are not better than the sources from which they were derived, and both scale and accuracy may vary across the data set. These data might not have the accuracy, resolution, completeness, timeliness, or other characteristics appropriate for applications that potential users of the data may contemplate. The User is encouraged to carefully consider the content of the metadata file associated with these data. These data are neither legal documents nor land surveys, and must not be used as such. Official records may be referenced at most BLM offices. Please report any errors in the data to the BLM office from which it was obtained. The BLM should be cited as the data source in any products derived from these data. Any Users wishing to modify the data should describe the types of modifications they have performed. The User should not misrepresent the data, nor imply that changes made were approved or endorsed by BLM. This data may be updated by the BLM without notification.</useconst>
        <ptcontac>
            <cntinfo>
                <cntorgp>
                    <cntorg>Bureau of Land Management</cntorg>
                    <cntper>BLM California State Office</cntper>
                </cntorgp>
                <cntpos>Publisher</cntpos>
                <cntaddr>
                    <addrtype>mailing and physical</addrtype>
                    <address>2800 Cottage Way, W-1623</address>
                    <city>Sacramento</city>
                    <state>CA</state>
                    <postal>95825</postal>
                    <country>US</country>
                </cntaddr>
                <cntvoice>916-978-4400</cntvoice>
                <cntemail>BLM_CA_Web_SO_GIS@blm.gov</cntemail>
            </cntinfo>
        </ptcontac>
        <datacred>U.S. Department of the Interior, Bureau of Land Management (BLM), California State Office</datacred>
        <native>Esri ArcGIS 12.9.4.32739</native>
    </idinfo>
    <dataqual>
        <attracc>
            <attraccr>No information available</attraccr>
        </attracc>
        <logic>No information available</logic>
        <complete>No information available</complete>
        <posacc>
            <horizpa>
                <horizpar>No information available</horizpar>
            </horizpa>
        </posacc>
        <lineage>
            <procstep>
                <procdesc>Data has been digitized from right of way descriptions.</procdesc>
                <procdate>unknown</procdate>
                <proccont>
                    <cntinfo>
                        <cntorgp>
                            <cntorg>Bureau of Land Management</cntorg>
                            <cntper>BLM California State Office</cntper>
                        </cntorgp>
                        <cntpos>Publisher</cntpos>
                        <cntaddr>
                            <addrtype>mailing and physical</addrtype>
                            <address>2800 Cottage Way, W-1623</address>
                            <city>Sacramento</city>
                            <state>CA</state>
                            <postal>95825</postal>
                            <country>US</country>
                        </cntaddr>
                        <cntvoice>916-978-4400</cntvoice>
                        <cntemail>BLM_CA_Web_SO_GIS@blm.gov</cntemail>
                    </cntinfo>
                </proccont>
            </procstep>
        </lineage>
    </dataqual>
    <spdoinfo>
        <direct>Vector</direct>
        <ptvctinf>
            <sdtsterm>
                <sdtstype>Complete chain</sdtstype>
                <ptvctcnt>101</ptvctcnt>
            </sdtsterm>
        </ptvctinf>
    </spdoinfo>
    <eainfo>
        <detailed>
            <enttyp>
                <enttypl>ilmcaPub.CASO.GeothermalLeases</enttypl>
                <enttypd>Polygon features that identify geothermal approved and pending lease areas on BLM administered lands</enttypd>
            </enttyp>
            <attr>
                <attrlabl>OBJECTID</attrlabl>
                <attrdef>Internal feature number.</attrdef>
                <attrdefs>Esri</attrdefs>
                <attrdomv>
                                        					
                    
                    <udom>Sequential unique whole numbers that are automatically generated.</udom>
                                        				
                
                </attrdomv>
            </attr>
            <attr>
                <attrlabl>serial_nr_full</attrlabl>
                <attrdef>Serial number associated with the lease</attrdef>
            </attr>
            <attr>
                <attrlabl>ttl_case_acres</attrlabl>
                <attrdef>Acres as identified by LR2000</attrdef>
            </attr>
            <attr>
                <attrlabl>commodity_txt</attrlabl>
                <attrdef>Commodity identified in lease</attrdef>
            </attr>
            <attr>
                <attrlabl>case_disp_txt</attrlabl>
                <attrdef>Case disposition</attrdef>
            </attr>
            <attr>
                <attrlabl>disp_dt</attrlabl>
                <attrdef>Disposition Date</attrdef>
            </attr>
            <attr>
                <attrlabl>GISacres</attrlabl>
                <attrdef>Acres as calculated in GIS</attrdef>
            </attr>
            <attr>
                <attrlabl>casetype</attrlabl>
                <attrdef>Case Type</attrdef>
            </attr>
            <attr>
                <attrlabl>casetype_txt</attrlabl>
                <attrdef>Case Type Description</attrdef>
            </attr>
            <attr>
                <attrlabl>Shape</attrlabl>
                <attrdef>Feature geometry</attrdef>
                <attrdefs>Esri</attrdefs>
                <attrdomv>
                                        					
                    
                    <udom>Coordinates defining the features.</udom>
                                        				
                
                </attrdomv>
            </attr>
            <attr>
                <attrlabl>Shape.STArea()</attrlabl>
                <attrdef>Feature Area, autofilled by feature geometry</attrdef>
            </attr>
            <attr>
                <attrlabl>Shape.STLength()</attrlabl>
                <attrdef>Feature perimeter length, autofilled by feature geometry</attrdef>
            </attr>
        </detailed>
        <overview>
            <eaover>Lands, including National System of Public Lands, State, and private lands, identified by BLM that are or will be considered for inclusion in a NEPA document to determine if lands open to geothermal leasing should be leased under 43 CFR Part 3200. These lands may include pending geothermal lease applications which were filed with BLM before the enactment of the Energy Policy Act of 2005 (Public Law 109-58). The lands may also include nominations, under 43 CFR 3203.10, by industry for lands requested for competitive geothermal leasing.</eaover>
            <eadetcit>U.S. Department of the Interior, Bureau of Land Management (BLM), California State Office</eadetcit>
        </overview>
    </eainfo>
    <distinfo>
        <distrib>
            <cntinfo>
                <cntorgp>
                    <cntorg>Bureau of Land Management</cntorg>
                    <cntper>BLM California State Office</cntper>
                </cntorgp>
                <cntpos>Publisher</cntpos>
                <cntaddr>
                    <addrtype>mailing and physical</addrtype>
                    <address>2800 Cottage Way, W-1623</address>
                    <city>Sacramento</city>
                    <state>CA</state>
                    <postal>95825</postal>
                    <country>US</country>
                </cntaddr>
                <cntvoice>916-978-4400</cntvoice>
                <cntemail>BLM_CA_Web_SO_GIS@blm.gov</cntemail>
            </cntinfo>
        </distrib>
        <distliab>The BLM assumes no responsibility for errors or omissions.  No warranty is made by the BLM as to the accuracy, reliability, or completeness of these data for individual use or aggregate use with other data; nor shall the act of distribution to contractors, partners, or beyond, constitute any such warranty for individual or aggregate data use with other data.  Although these data have been processed successfully on computers of BLM, no warranty, expressed or implied, is made by BLM regarding the use of these data on any other system, or for general or scientific purposes, nor does the fact of distribution constitute or imply any such warranty.  In no event shall the BLM have any liability whatsoever for payment of any consequential, incidental, indirect, special, or tort damages of any kind, including, but not limited to, any loss of profits arising out of the use or reliance on the geographic data or arising out of the delivery, installation, operation, or support by BLM.</distliab>
    </distinfo>
    <metainfo>
        <metd>20240117</metd>
        <metrd>20230314</metrd>
        <metc>
            <cntinfo>
                <cntorgp>
                    <cntorg>Bureau of Land Management</cntorg>
                    <cntper>BLM California State Office</cntper>
                </cntorgp>
                <cntpos>Publisher</cntpos>
                <cntaddr>
                    <addrtype>mailing and physical</addrtype>
                    <address>2800 Cottage Way, W-1623</address>
                    <city>Sacramento</city>
                    <state>CA</state>
                    <postal>95825</postal>
                    <country>US</country>
                </cntaddr>
                <cntvoice>916-978-4400</cntvoice>
                <cntemail>BLM_CA_Web_SO_GIS@blm.gov</cntemail>
            </cntinfo>
        </metc>
        <metstdn>FGDC Content Standard for Digital Geospatial Metadata</metstdn>
        <metstdv>FGDC-STD-001-1998</metstdv>
        <mettc>local time</mettc>
        <metac>None, these data are considered public domain.</metac>
        <metuc>These data are provided by Bureau of Land Management (BLM) 'as is' and might contain errors or omissions. The User assumes the entire risk associated with its use of these data and bears all responsibility in determining whether these data are fit for the User's intended use. The information contained in these data is dynamic and may change over time. The data are not better than the sources from which they were derived, and both scale and accuracy may vary across the data set. These data might not have the accuracy, resolution, completeness, timeliness, or other characteristics appropriate for applications that potential users of the data may contemplate. The User is encouraged to carefully consider the content of the metadata file associated with these data. These data are neither legal documents nor land surveys, and must not be used as such. Official records may be referenced at most BLM offices. Please report any errors in the data to the BLM office from which it was obtained. The BLM should be cited as the data source in any products derived from these data. Any Users wishing to modify the data should describe the types of modifications they have performed. The User should not misrepresent the data, nor imply that changes made were approved or endorsed by BLM. This data may be updated by the BLM without notification.</metuc>
    </metainfo>
</metadata>
